<?xml version="1.0"?>
<doc>
    <assembly>
        <name>customerkeystore</name>
    </assembly>
    <members>
        <member name="P:Microsoft.InformationProtection.Web.Models.DecryptedData.Value">
            <summary>
            Gets the value
            </summary>
            <remarks>
            The decrypted data in base 64 format
            Required.
            </remarks>
        </member>
        <member name="P:Microsoft.InformationProtection.Web.Models.EncryptedData.Algorithm">
            <summary>
            Gets or sets the algorithm
            </summary>
            <remarks>
            The algorithm used to encrypt the data.  Currently only RSA-OAEP-256 is supported
            Required.
            Valid values:
             - RSA-OAEP-256 - RSA OAEP encoding with SHA-256
            </remarks>
        </member>
        <member name="P:Microsoft.InformationProtection.Web.Models.EncryptedData.Value">
            <summary>
            Gets or sets the value
            </summary>
            <remarks>
            The encrypted data in base 64 format
            Required.
            </remarks>
        </member>
        <member name="P:Microsoft.InformationProtection.Web.Models.KeyData.Key">
            <summary>
            Gets the key.
            </summary>
            <remarks>
            The key information.
            Required.
            See PublicKey documentation below.
            </remarks>
        </member>
        <member name="P:Microsoft.InformationProtection.Web.Models.KeyData.Cache">
            <summary>
            Gets the Cache.
            </summary>
            <remarks>
            Details how the public key is cached locally
            Optional.
            If omitted then caching of the public key is disabled and encryption of content will always require a call to the key store
            </remarks>
        </member>
        <member name="P:Microsoft.InformationProtection.Web.Models.PublicKey.KeyType">
            <summary>
            Gets or sets the key type.
            </summary>
            <remarks>
            The key type.
            Required.
            The only supported value is 'RSA'.
            </remarks>
        </member>
        <member name="P:Microsoft.InformationProtection.Web.Models.PublicKey.Modulus">
            <summary>
            Gets the public key modulus.
            </summary>
            <remarks>
            The public key modulus in base 64 format.
            Required.
            </remarks>
        </member>
        <member name="P:Microsoft.InformationProtection.Web.Models.PublicKey.Exponent">
            <summary>
            Gets the key exponent.
            </summary>
            <remarks>
            The public key exponent in base 10 numeric format.
            Required.
            </remarks>
        </member>
        <member name="P:Microsoft.InformationProtection.Web.Models.PublicKey.Algorithm">
            <summary>
            Gets or sets the algorithm.
            </summary>
            <remarks>
            The supported algorithm that can be used to encrypt the data.
            Required.
            The only supported value is 'RS256'.
            </remarks>
        </member>
        <member name="P:Microsoft.InformationProtection.Web.Models.PublicKey.KeyId">
            <summary>
            Gets or sets the key id.
            </summary>
            <remarks>
            The key Id.
            Required.
            A URI that identifies the key that is in use for the key name.  The format is {URI}/{KeyName}/{KeyVersion-Guid}
            This URI will be called by the client to decrypt the data by appending /decrypt to the end.
            Ex. https://hostname/KeyName/2BE4E378-1317-4D64-AC44-D75f638F7B29
            </remarks>
        </member>
        <member name="P:Microsoft.InformationProtection.Web.Models.PublicKeyCache.Expiration">
            <summary>
            Gets the expiration.
            </summary>
            <remarks>
            This member specifies the expiration date and time in format yyyy-MM-ddTHH:mm:ss - after which a locally stored public key will expire and require a call to
             the customer key store to obtain a newer version.
            Required.
            </remarks>
        </member>
    </members>
</doc>
